Mental_Health_Issue,Symptoms,Professional_Advice,Recommended_Supplements,When_to_See_a_Doctor
Anxiety,"Excessive worry, restlessness, rapid heartbeat","Practice deep breathing exercises, mindfulness, and cognitive behavioral therapy (CBT). Avoid caffeine and practice regular physical exercise.","Magnesium, L-Theanine, Ashwagandha, Passionflower",If anxiety interferes with daily life or causes panic attacks.
Depression,"Persistent sadness, loss of interest, fatigue","Engage in therapy (CBT or DBT), maintain a structured routine, and focus on self-care. In severe cases, antidepressants may be prescribed.","Omega-3 fatty acids, Vitamin D, 5-HTP, SAM-e",If depression lasts for more than two weeks and affects daily activities.
Insomnia,"Difficulty falling asleep, waking up frequently","Establish a bedtime routine, avoid blue light before sleep, and consider cognitive behavioral therapy for insomnia (CBT-I).","Melatonin, Valerian Root, Chamomile, Magnesium Glycinate",If insomnia is persistent and affects daily functioning.
Stress,"Irritability, difficulty concentrating, muscle tension","Manage time effectively, practice relaxation techniques, and engage in regular physical activity. Seek counseling if stress is overwhelming.","Rhodiola Rosea, B-complex vitamins, Green Tea Extract",If stress leads to physical symptoms like headaches and high blood pressure.
ADHD,"Inattention, hyperactivity, impulsiveness","Use behavioral therapy, structured routines, and focus-enhancing techniques. Medications like stimulants may help in severe cases.","Zinc, Iron, Omega-3 Fatty Acids, Ginseng",If ADHD symptoms cause difficulty in work or relationships.
PTSD,"Flashbacks, nightmares, severe anxiety","Seek trauma-focused therapy, EMDR (Eye Movement Desensitization and Reprocessing), and grounding techniques. Exposure therapy may be helpful.","Curcumin, Magnesium, Vitamin B6, Lavender Extract",If PTSD symptoms persist for months and affect quality of life.
Bipolar Disorder,"Extreme mood swings, periods of mania and depression","Follow a structured treatment plan, including therapy and mood stabilizers. Monitor lifestyle factors like sleep and stress levels.","NAC (N-Acetyl Cysteine), Lithium Orotate, Omega-3",If mood swings are extreme and disrupt normal activities.
OCD,"Obsessive thoughts, compulsive behaviors",Exposure and response prevention (ERP) therapy is highly effective. Medication (SSRIs) may be needed in severe cases.,"Inositol, N-Acetyl Cysteine, 5-HTP, Vitamin B12",If OCD rituals interfere with daily life significantly.
Schizophrenia,"Hallucinations, delusions, disorganized thinking",Regular therapy and medication management are crucial. Cognitive rehabilitation and social support play a key role.,"Ginkgo Biloba, Vitamin B12, Antioxidants, DHA",If hallucinations or delusions occur frequently.
Panic Disorder,"Sudden fear, chest pain, feeling of losing control","Practice controlled breathing, mindfulness, and seek cognitive behavioral therapy (CBT). In some cases, medication may be needed.","L-Theanine, Passionflower, GABA, Magnesium",If panic attacks occur regularly and impact daily life.
